id;category;review
1;Положительный;"Холодильник отличный, работает тихо, доставили вовремя. Спасибо!"
2;Положительный;"Заказывал стиральную машину. Всё привезли аккуратно, упаковка целая, сотрудники вежливые."
3;Положительный;"Спасибо магазину! Быстро оформили заказ, телевизор полностью устраивает."
4;Обычный негативный;"Купил пылесос неделю назад, теперь он периодически выключается во время работы."
5;Обычный негативный;"Кофемашина работает, но качество сборки разочаровало: крышка закрывается неплотно."
6;Обычный негативный;"Очень недоволен обслуживанием. Сотрудник отвечал грубо и совершенно не хотел помочь."
7;Обычный негативный;"Новый холодильник очень шумит по ночам. Не ожидал такого от этой модели."
8;Доставка;"Курьер должен был приехать с 10 до 14, а приехал только в 19 часов."
9;Доставка;"Коробку привезли сильно помятой и порванной, но сам телевизор вроде работает нормально."
10;Доставка;"Заказ должен был приехать вчера, но товара до сих пор нет. Где мой заказ?"
11;Смешанный;"Телевизор отличный, изображение супер, но доставку задержали на три часа и курьер даже не извинился."
12;Смешанный;"Стиральная машина понравилась, работает тихо. Но упаковка была повреждена, а сотрудник поддержки отвечал довольно грубо."
13;Смешанный;"Заказ оформили быстро и цена хорошая, но холодильник приехал с царапиной на дверце."
14;Смешанный;"Пылесос мощный и удобный, но через две недели сломалась кнопка включения. Хотел бы понять, что теперь делать."
15;Опасная неисправность;"Электрочайник начал искрить при включении, а потом появился запах гари."
16;Опасная неисправность;"Во время работы обогреватель сильно нагрелся, пошёл дым. Я сразу выключил его из розетки."
17;Опасная неисправность;"Микроволновка при включении трещит и пахнет горелым. Можно ей дальше пользоваться?"
18;Компенсация;"Курьер опоздал на шесть часов. Требую вернуть половину стоимости доставки и дать скидку на следующий заказ."
19;Возврат;"Купил блендер вчера, но он мне не подошёл. Хочу вернуть товар и получить деньги обратно."
20;Гарантия;"Телевизор перестал включаться через три месяца после покупки. Подскажите, это гарантийный случай и что мне делать?"
21;Персональные данные;"Меня зовут Алексей Смирнов, телефон +7 900 000-00-01. Стиральную машину так и не доставили. Позвоните мне."
22;Персональные данные;"Мой адрес: г. Москва, ул. Учебная, д. 10, кв. 15. Курьер вчера не приехал, хотя доставка была подтверждена."
23;Неясная жалоба;"Ужасный магазин! Никогда больше здесь ничего не куплю."
24;Неясная жалоба;"Просто кошмар. Такого отношения я вообще не ожидал. Разберитесь уже!"
25;Вопрос;"Подскажите, пожалуйста, сколько действует гарантия на купленный у вас холодильник?"
26;Предложение;"Было бы удобно добавить на сайт возможность выбирать более точный интервал доставки."
27;«Кривой»;"стиралка норм но привезли ваще не вовремя коробка мятая вроде работает че теперь делать"
28;«Кривой»;"телек хороший спору нет но курьер хамил + опоздал а упаковка порвана это вообще нормально???"
29;Сложный;"Холодильник доставили вовремя, но после включения появился сильный запах гари. Курьер сказал, что это нормально и скоро пройдёт. Можно оставить его включённым?"
30;Сложный;"Заказ задержали на два дня, коробка повреждена, а кофемашина не включается. Требую новую кофемашину, компенсацию 10 000 рублей и чтобы сегодня же всё привезли."