id,record_type,situation_type,sentiment,topic,subtopic,trigger_phrases,response_template,recommended_action,escalation_required,criticality,rules,notes
001,situation,complaint,negative,delivery,delay,опоздали; задержали; долго везли; доставка позже срока,"Спасибо, что сообщили о задержке. Нам жаль, что доставка заняла больше времени, чем ожидалось.",Проверить информацию по доставке и при необходимости уточнить статус заказа.,no,medium,"Не обещать точное новое время доставки, скидку или компенсацию без подтверждения сотрудника.",Если клиент сообщает о повторной задержке или требует компенсацию — эскалировать.
002,situation,complaint,negative,delivery,not_delivered,не доставили; заказ не приехал; товар не привезли,"Нам жаль, что заказ не был доставлен. Спасибо, что сообщили об этом. Обращение необходимо проверить.",Проверить статус заказа и передать обращение ответственному сотруднику.,yes,high,Не сообщать вымышленный статус заказа и не обещать срок доставки.,Обязательная эскалация.
003,situation,complaint,negative,quality,defect,брак; не работает; неисправен; сломался,"Нам жаль, что возникла проблема с товаром. Спасибо, что сообщили об этом.",Передать обращение сотруднику для проверки товара и условий покупки.,yes,high,Не устанавливать причину неисправности и не подтверждать гарантийный случай без проверки.,Обязательная эскалация.
004,situation,complaint,negative,quality,safety_issue,задымился; дым; искрит; запах гари; перегревается,"Нам жаль, что возникла такая ситуация. В целях безопасности рекомендуем прекратить использование устройства до выяснения обстоятельств.",Срочно передать обращение ответственному сотруднику.,yes,high,Не диагностировать неисправность. При признаках потенциальной опасности рекомендовать прекратить использование устройства.,Приоритетная эскалация.
005,situation,complaint,negative,packaging,damaged_package,мятая коробка; порвана упаковка; повреждена упаковка,"Спасибо, что сообщили о состоянии упаковки. Нам жаль, что товар был доставлен в таком виде.",Зафиксировать проблему и проверить обстоятельства доставки.,no,medium,"Если повреждён сам товар, повысить критичность и передать сотруднику.","Не утверждать, что товар исправен, только по состоянию упаковки."
006,situation,complaint,negative,product,wrong_item,не тот товар; другая модель; перепутали товар; привезли другой,"Нам жаль, что вы получили не тот товар. Обращение необходимо проверить.",Проверить данные заказа и передать обращение сотруднику.,yes,high,Не обещать замену или срок замены без решения сотрудника.,Обязательная эскалация.
007,situation,complaint,negative,service,rude_staff,нагрубили; хамили; невежливо; грубый сотрудник,"Спасибо, что рассказали о ситуации. Нам жаль, что общение с сотрудником оставило такое впечатление.",Передать информацию ответственному сотруднику для проверки.,yes,medium,Не обвинять сотрудника или клиента до проверки обстоятельств.,Сохранять нейтральный и уважительный тон.
008,situation,complaint,negative,service,no_response,не отвечают; не перезвонили; игнорируют; никто не ответил,"Нам жаль, что вам не удалось своевременно получить ответ. Спасибо, что сообщили об этом.",Проверить предыдущее обращение и передать сотруднику.,yes,medium,Не обещать конкретное время обратного звонка без подтверждения.,При повторном обращении повысить критичность.
009,situation,complaint,negative,price,high_price,дорого; завышенная цена; слишком высокая цена,Спасибо за обратную связь по стоимости. Мы зафиксируем ваше мнение.,Зафиксировать обратную связь по цене.,no,low,"Не обещать снижение цены, скидку или промокод.",При конкретной претензии к списанию/оплате требуется отдельная проверка.
010,situation,complaint,negative,website,checkout_error,не могу заказать; ошибка оформления; ошибка на сайте; не проходит оформление,"Спасибо, что сообщили о проблеме при оформлении заказа. Нам жаль, что возникли сложности.",Зафиксировать техническую проблему и передать на проверку.,yes,medium,Не утверждать причину технической ошибки без проверки.,"Если речь о списании денег, обязательна эскалация."
011,situation,complaint,negative,return_exchange,refund_request,хочу вернуть; верните деньги; нужен возврат; хочу обменять,"Спасибо, что сообщили о ситуации. Возможность возврата или обмена необходимо проверить с учётом условий покупки и состояния товара.",Передать обращение сотруднику для рассмотрения возврата или обмена.,yes,high,"Не подтверждать возврат денег, обмен или их сроки самостоятельно.",Решение принимает сотрудник.
012,situation,complaint,negative,warranty,warranty_case,гарантия; сломался на гарантии; гарантийный случай,"Нам жаль, что возникла проблема с товаром. Для проверки гарантийного случая потребуется уточнить информацию о покупке и товаре.",Передать обращение сотруднику для проверки гарантийных условий.,yes,high,Срок гарантии зависит от товара. Не придумывать срок и не подтверждать гарантийный случай без проверки.,Использовать только известные данные.
013,situation,gratitude,positive,product,good_product,отличный товар; очень доволен; всё понравилось; хороший товар,"Спасибо за ваш отзыв! Нам приятно, что вы остались довольны товаром.",Дополнительные действия не требуются.,no,low,"Ответ должен быть коротким, естественным и соответствовать содержанию отзыва.",Не перегружать рекламными фразами.
014,situation,gratitude,positive,delivery,fast_delivery,быстро доставили; раньше срока; доставка отличная,"Спасибо за обратную связь! Рады, что доставка прошла быстро и удобно для вас.",Дополнительные действия не требуются.,no,low,"Не добавлять факты, которых нет в отзыве.",Можно упомянуть именно доставку.
015,situation,gratitude,positive,service,good_service,менеджер помог; всё объяснили; вежливый сотрудник; отличный сервис,"Спасибо за добрые слова! Нам приятно, что работа нашей команды оставила хорошее впечатление.",Зафиксировать положительную обратную связь.,no,low,"Если назван сотрудник, не добавлять персональные сведения сверх отзыва.",Ответ персонализировать по теме обслуживания.
016,situation,gratitude,positive,packaging,good_packaging,хорошо упаковано; отличная упаковка; всё целое,"Спасибо за отзыв! Рады, что товар приехал аккуратно упакованным.",Дополнительные действия не требуются.,no,low,"Не делать выводы о доставке в целом, если клиент отметил только упаковку.",
017,situation,gratitude,positive,price,good_price,хорошая цена; выгодно; отличная стоимость,"Спасибо за отзыв! Рады, что покупка оказалась для вас выгодной.",Дополнительные действия не требуются.,no,low,Не обещать сохранение текущей цены.,
018,situation,gratitude,positive,general,company_positive,всё понравилось; спасибо; буду покупать ещё; отличный магазин,"Спасибо за вашу оценку! Нам приятно, что вы остались довольны покупкой и сервисом.",Дополнительные действия не требуются.,no,low,Избегать чрезмерно шаблонного ответа.,
019,situation,suggestion,neutral,assortment,new_product,добавьте; хотелось бы; не хватает бренда; добавьте товар,Спасибо за предложение по ассортименту. Мы зафиксируем ваше пожелание.,Зафиксировать предложение для дальнейшего рассмотрения.,no,low,Не обещать добавление конкретного товара или бренда.,
020,situation,suggestion,neutral,delivery,delivery_option,добавьте доставку; доставка по выходным; другой интервал доставки,Спасибо за предложение по улучшению доставки. Мы зафиксируем ваше пожелание.,Передать предложение ответственному направлению.,no,low,Не обещать внедрение нового способа или интервала доставки.,
021,situation,suggestion,neutral,website,website_improvement,сделайте на сайте; добавьте фильтр; улучшите поиск; неудобный сайт,Спасибо за предложение по улучшению сайта. Такая обратная связь помогает выявлять точки для развития сервиса.,Зафиксировать и передать предложение на рассмотрение.,no,low,Не обещать сроки реализации.,
022,situation,suggestion,neutral,service,service_improvement,было бы удобнее; улучшите сервис; предлагаю,Спасибо за предложение. Мы зафиксируем его для дальнейшего рассмотрения.,Зафиксировать предложение по сервису.,no,low,"Показать, что суть предложения понята; не обещать реализацию.",
023,situation,suggestion,neutral,price,loyalty_program,сделайте скидку; программа лояльности; больше акций; бонусы,Спасибо за предложение по акциям и программе лояльности. Мы зафиксируем ваше пожелание.,Зафиксировать предложение.,no,low,"Не выдавать скидку, промокод или бонус и не обещать их появление.",
024,situation,question,neutral,delivery,delivery_terms,сколько доставка; когда привезут; сроки доставки,Стандартная доставка HomeTech занимает 1–3 рабочих дня. Конкретный интервал согласовывается при подтверждении заказа.,"Если вопрос касается конкретного заказа, рекомендовать проверить его статус.",no,low,Не сообщать статус конкретного заказа без данных системы.,При просрочке применять правила ситуации delay/not_delivered.
025,situation,question,neutral,warranty,warranty_terms,какая гарантия; срок гарантии; гарантийные условия,Срок гарантии зависит от конкретного товара и условий производителя. Для точного ответа необходимо проверить информацию по товару.,При необходимости передать вопрос сотруднику.,yes,medium,Не придумывать срок гарантии.,
026,situation,question,neutral,return_exchange,return_terms,как вернуть; можно обменять; условия возврата,Возможность возврата или обмена рассматривается с учётом условий покупки и состояния товара. Для точного решения необходимо проверить конкретную ситуацию.,Передать обращение сотруднику.,yes,medium,Не подтверждать возврат или обмен самостоятельно.,
027,situation,question,neutral,product,specifications,характеристики; какая мощность; размер; комплектация,Для точного ответа необходимо использовать подтверждённые характеристики конкретной модели.,"Если характеристик нет в базе, сообщить о недостатке данных и передать вопрос сотруднику.",yes,medium,Не придумывать характеристики товара.,
028,situation,mixed,mixed,multiple,positive_product_negative_delivery,товар отличный но доставка; товар понравился но курьер; всё хорошо кроме доставки,"Спасибо за отзыв. Рады, что товар вам понравился, и нам жаль, что впечатление от покупки ухудшила доставка.",Зафиксировать положительную оценку товара и отдельно проблему доставки.,no,medium,Не сводить смешанный отзыв только к позитивному или негативному.,При серьёзной проблеме доставки применить соответствующую эскалацию.
029,situation,complaint,negative,service,abusive_language,мат; оскорбления; грубые выражения,"Нам жаль, что ситуация вызвала такие эмоции. Мы готовы разобраться в сути проблемы.",Определить фактическую проблему и действовать по соответствующей категории.,no,medium,Не отвечать грубостью и не повторять оскорбительные выражения без необходимости.,"Эскалация определяется самой проблемой, а не наличием мата."
030,situation,complaint,negative,compensation,compensation_demand,требую компенсацию; дайте скидку; верните часть денег; промокод,"Спасибо, что сообщили о ситуации. Требование о компенсации необходимо передать сотруднику для рассмотрения.",Передать обращение сотруднику.,yes,high,"Никогда самостоятельно не назначать компенсацию, скидку, промокод, подарок или возврат денежных средств.",
031,situation,complaint,negative,legal,regulator_threat,пожалуюсь; обращусь в роспотребнадзор; напишу жалобу; обращусь в суд,"Спасибо, что сообщили о ситуации. Обращение необходимо передать ответственному сотруднику для рассмотрения.",Незамедлительно передать ответственному сотруднику.,yes,high,"Не спорить, не угрожать в ответ и не давать юридических обещаний.",
032,situation,complaint,negative,other,unclear_problem,ужасно; больше не куплю; всё плохо; разочарован,"Нам жаль, что у вас осталось негативное впечатление. Если возможно, уточните, пожалуйста, что именно произошло — это поможет разобраться в ситуации.",Запросить уточнение либо передать сотруднику при невозможности определить проблему.,no,medium,Не выдумывать причину недовольства.,При наличии других признаков высокого риска — эскалировать.
033,situation,complaint,negative,service,repeat_unresolved,уже обращался; снова проблема; никто не решил; повторно пишу,"Нам жаль, что вопрос до сих пор не решён. Повторное обращение необходимо передать сотруднику для приоритетной проверки.",Передать повторную жалобу ответственному сотруднику.,yes,high,Не начинать обработку как обычное первое обращение.,Приоритетная эскалация.
034,situation,mixed,mixed,privacy,personal_data,телефон; адрес; email; e-mail; номер заказа; персональные данные,Спасибо за обращение. Мы учтём описанную вами ситуацию и используем только необходимые сведения для её рассмотрения.,"Обрабатывать проблему по основной теме отзыва, не повторяя лишние персональные данные.",yes,medium,"Не повторять телефон, адрес, e-mail и иные лишние персональные сведения в проекте публичного ответа.",В учебном проекте используются только вымышленные данные.
035,situation,complaint,negative,quality,dangerous_damage,повреждён и искрит; разбит и включается; течёт; дымит после повреждения,"Нам жаль, что товар оказался повреждён. В целях безопасности рекомендуем прекратить его использование до выяснения обстоятельств.",Срочно передать обращение ответственному сотруднику.,yes,high,Не диагностировать повреждение и не рекомендовать самостоятельный ремонт.,Приоритетная эскалация.
R01,company_rule,,,delivery,standard_delivery,,,Стандартная доставка: 1–3 рабочих дня. Интервал согласовывается при подтверждении заказа.,,,"Ассистент не обещает точное новое время, бесплатную доставку, скидку или компенсацию без подтверждения сотрудника.",Учебное правило HomeTech.
R02,company_rule,,,return_exchange,return_policy,,,Возврат или обмен рассматривается сотрудником индивидуально с учётом условий покупки и состояния товара.,,,Ассистент не подтверждает возврат денежных средств или обмен самостоятельно.,Учебное правило HomeTech.
R03,company_rule,,,warranty,warranty_policy,,,На товары действует гарантия производителя; срок зависит от конкретного товара.,,,"Если точного срока нет в базе, ассистент сообщает о недостатке данных.",Учебное правило HomeTech.
R04,company_rule,,,compensation,compensation_policy,,,"Решения о скидках, промокодах, подарках, возврате денег и иных компенсациях принимает только сотрудник.",,,Ассистент может только зафиксировать требование клиента и рекомендовать эскалацию.,Учебное правило HomeTech.
R05,company_rule,,,privacy,personal_data_policy,,,В публичном проекте ответа не повторять персональные данные клиента без необходимости.,,,"Использовать только сведения, необходимые для ответа; учебные данные должны быть вымышленными.",
R06,company_rule,,,general,assistant_scope,,,Ассистент анализирует отзывы и готовит проекты ответов и сводки.,,,"Ассистент не публикует и не удаляет отзывы и не заявляет, что выполнил действия во внешних системах.",
R07,company_rule,,,general,communication_style,,,"Стиль ответа: вежливый, спокойный, доброжелательный, конкретный, без канцелярита и споров.",,,Учитывать конкретное содержание отзыва; избегать чрезмерных извинений и одинаковых шаблонов.,
R08,company_rule,,,analytics,analytics_scope,,,Аналитика строится только по предоставленной выборке отзывов.,,,"Не распространять выводы выборки на всех клиентов компании. Не придумывать отсутствующие оценки, продукты или показатели.",Формулировка: «В предоставленной выборке из N отзывов…».
A01,analytics_example,,,analytics,sentiment_summary,,,"Пример: «В предоставленной выборке из 20 отзывов: положительные — 11 (55%), нейтральные — 3 (15%), негативные — 5 (25%), смешанные — 1 (5%).»",,,Проценты рассчитывать только из фактических входных данных.,Сумма категорий и процентов должна соответствовать выборке.
A02,analytics_example,,,analytics,topic_summary,,,Пример: «Наиболее частая негативная тема — доставка: 6 упоминаний. Основная повторяющаяся проблема — нарушение сроков. На втором месте — качество товара: 3 упоминания.»,,,Не называть тему наиболее частой без фактического подсчёта.,
A03,analytics_example,,,analytics,rating_summary,,,"Пример структуры: «Оценка 5 — N отзывов; 4 — N; 3 — N; 2 — N; 1 — N. Средняя оценка — X», если оценки присутствуют во входных данных.",,,"Если оценки не предоставлены, прямо указать, что анализ по оценкам невозможен.",
A04,analytics_example,,,analytics,product_summary,,,"Пример структуры: «Холодильники — N отзывов, из них N положительных; стиральные машины — N отзывов, из них N негативных; телевизоры — N отзывов…»",,,"Использовать только продукты, явно указанные во входных данных.",
A05,analytics_example,,,analytics,management_summary,,,Структура отчёта: объём выборки → тональность → основные темы → повторяющиеся проблемы → положительные тенденции → критические обращения → рекомендации.,,,Рекомендации должны следовать из выявленных проблем и не содержать вымышленных причин.,
